episode_id,video_file,split,accepted,corner_coverage,tracking_coverage,camera_drift_px,observed_route,minimum_footprint_clearance,failure_reasons
ep_001,ep_001_s1_t1_left.MOV,train,True,0.873134,1.0,1.0,left,0.102839,
ep_002,ep_002_s2_t1_right.MOV,train,True,1.0,1.0,1.0,right,0.090181,
ep_003,ep_003_s3_t1_left_redo.MOV,test,True,0.803922,1.0,2.0,left,0.097811,
ep_004,ep_004_s1_t1_right.MOV,train,True,0.996047,1.0,2.236,right,0.070949,
ep_005,ep_005_s2_t1_left.MOV,train,True,0.842697,1.0,1.0,left,0.080964,
ep_006,ep_006_s3_t1_right.MOV,test,True,0.935252,1.0,1.0,right,0.127874,
ep_007,ep_007_s3_t1_right.MOV,test,True,1.0,1.0,1.0,right,0.095544,
ep_008,ep_008_s1_t1_left.MOV,train,True,0.864734,1.0,2.0,left,0.10974,
ep_009,ep_009_s2_t1_right.MOV,train,True,1.0,0.996032,1.414,right,0.096305,
ep_010,ep_010_s3_t1_left_redo.MOV,test,True,0.769874,1.0,4.123,left,0.073026,
ep_011,ep_011_s1_t1_right.MOV,train,True,0.978166,1.0,2.236,right,0.088692,
ep_012,ep_012_s2_t1_left.MOV,train,True,0.865741,1.0,1.0,left,0.053354,
ep_013,ep_013_s2_t1_left.MOV,train,True,0.878505,1.0,1.0,left,0.113368,
ep_014,ep_014_s3_t1_right_redo.MOV,test,True,0.800866,1.0,2.236,right,0.175176,
ep_015,ep_015_s1_t1_left.MOV,train,True,0.940426,1.0,2.236,left,0.076434,
ep_016,ep_016_s2_t1_right.MOV,train,True,1.0,1.0,0.0,right,0.110476,
ep_017,ep_017_s3_t1_left.MOV,test,True,0.822727,0.990909,1.414,left,0.083704,
ep_018,ep_018_s1_t1_right.MOV,train,True,1.0,1.0,2.236,right,0.086443,
ep_019,ep_019_s1_t1_right.MOV,train,True,1.0,1.0,2.0,right,0.104308,
ep_020,ep_020_s2_t1_left.MOV,train,True,0.785366,1.0,1.414,left,0.110406,
ep_021,ep_021_s3_t1_right_redo.MOV,test,True,0.791045,1.0,3.606,right,0.202955,
ep_022,ep_022_s1_t1_left.MOV,train,True,0.994975,1.0,1.0,left,0.090603,
ep_023,ep_023_s2_t1_right.MOV,train,True,1.0,1.0,1.414,right,0.148619,
ep_024,ep_024_s3_t1_left.MOV,test,True,0.887805,1.0,1.414,left,0.079797,
ep_025,ep_025_s3_t1_left_redo.MOV,test,True,0.73057,1.0,2.0,left,0.138477,
ep_026,ep_026_s1_t1_right.MOV,train,True,0.986486,1.0,1.414,right,0.079441,
ep_027,ep_027_s2_t1_left.MOV,train,True,0.870466,1.0,1.0,left,0.103724,
ep_028,ep_028_s3_t1_right_redo2.MOV,test,True,0.972763,1.0,1.0,right,0.221044,
ep_029,ep_029_s1_t1_left.MOV,train,True,0.916201,1.0,2.236,left,0.10032,
ep_030,ep_030_s2_t1_right.MOV,train,True,0.970443,0.995074,1.0,right,0.08558,
ep_031,ep_031_s2_t1_right.MOV,validation,True,0.969072,1.0,1.0,right,0.104366,
ep_032,ep_032_s3_t1_left_redo.MOV,test,True,0.765766,1.0,1.414,left,0.104208,
ep_033,ep_033_s1_t1_right.MOV,validation,True,0.946524,1.0,2.0,right,0.042047,
ep_034,ep_034_s2_t1_left.MOV,validation,True,0.885572,1.0,1.414,left,0.042738,
ep_035,ep_035_s3_t1_right_redo.MOV,test,True,1.0,1.0,2.236,right,0.188618,
ep_036,ep_036_s1_t1_left.MOV,validation,True,0.917949,1.0,1.0,left,0.08827,
