epoch,train_loss,validation_loss,gradient_norm
1,1.0175500044130315,0.9047027132756981,1.2404154062503328
2,0.9247494621157477,0.8261737288829974,1.1179340864282292
3,0.8412293498248861,0.7559408930628444,1.0046334370928922
4,0.7666416456623468,0.6935855362073121,0.9001108411093315
5,0.7005844148610703,0.6386418884385379,0.8048052826612755
6,0.6425242819724213,0.5905295591104757,0.7193121591845519
7,0.5918122462456048,0.5485968177084319,0.6442241951944991
8,0.5477189096976303,0.5121310520439131,0.5799903640106039
9,0.5094676150308444,0.4803894772906626,0.5268375927762993
10,0.47626676536334955,0.45263563739492363,0.4845488004140096
11,0.4473347415822881,0.42815973256131845,0.4522544916381008
12,0.42192408692655453,0.4063072260159937,0.42838292969771696
13,0.3993468145898968,0.3865053250274473,0.41084365577926
14,0.37899791721726817,0.36828114979496135,0.39737745167843447
15,0.3603743875637243,0.3512705219692267,0.3859149252660154
16,0.3430863815853634,0.3352187118394549,0.3748205411175368
17,0.3268574239356098,0.3199727778138603,0.3629912465057606
18,0.31151322207970267,0.3054637283120211,0.34984174716114347
19,0.2969620145890148,0.29168030175225457,0.3352272893889562
20,0.28317038029916,0.27864119673298215,0.3193428439903781
21,0.2701385588143417,0.26637175648978906,0.30261844555279016
22,0.25787893356947955,0.2548870022650082,0.28561914908523517
23,0.24639974998578285,0.2441812423537941,0.26895297887501063
24,0.2356947059947418,0.23422432451662298,0.2531882545743678
25,0.22573841876724113,0.2249640385860659,0.2387837130917716
26,0.21648724576121445,0.21633287837118573,0.22603904462397942
27,0.20788400179010444,0.20825651291762015,0.2150740726820787
28,0.199864332165592,0.20066157725185746,0.20583848093888205
29,0.19236268897134792,0.19348131315946931,0.19814545989772556
30,0.1853167856868243,0.18665868742077804,0.19171839461575774
31,0.17867030521939756,0.18014735799585274,0.18624023957286748
32,0.17237411147080756,0.17391109785194855,0.18139772104380375
33,0.1663863480294383,0.16792228823527983,0.17691521885092962
34,0.16067183455681272,0.16216004049560184,0.17257601802618844
35,0.15520116838322728,0.1566083980756894,0.16823141775724412
36,0.1499498603807427,0.15125490171337774,0.1638000728521403
37,0.14489768371665784,0.14608961411509586,0.1592604597553282
38,0.14002825277344974,0.14110453939039683,0.15463893489635674
39,0.13532872877635443,0.136293269115649,0.14999519099192088
40,0.1307894970907621,0.13165066869608116,0.14540646056242396
41,0.1264036922823909,0.12717248818735652,0.14095173374997522
42,0.12216654315557106,0.12285489841767265,0.13669751076749595
43,0.1180746164102119,0.11869404926728858,0.1326869191880566
44,0.11412509760937505,0.1146857778735593,0.12893397712095866
45,0.11031524211534212,0.11082555893411573,0.12542409968614937
46,0.10664207558915824,0.10710871281748231,0.1221206973724968
47,0.10310235474208587,0.1035307988817022,0.11897627940114669
48,0.09969273358987135,0.10008804842543484,0.11594531054702721
49,0.0964100266582765,0.09677766602553779,0.11299550572608123
50,0.09325143451509049,0.09359786988202738,0.11011448574261255
51,0.09021461991507351,0.0905476282599237,0.10730988377835464
52,0.08729758796081451,0.08762613665568937,0.1046029445458267
53,0.08449839815489932,0.08483215429866521,0.10201780971527959
54,0.08181479979025864,0.08216337069952652,0.09957022097024705
55,0.07924391931543592,0.0796159722067747,0.09725962106777047
56,0.07678211324621297,0.07718451316970983,0.0950673184335064
57,0.07442503156427922,0.07486209934449349,0.09296091053969172
58,0.07216785229239983,0.07264080881680245,0.09090265721281883
59,0.07000559217011214,0.07051223574955769,0.08885821011818029
60,0.0679333912958972,0.06846804978901404,0.08680260572309423
61,0.06594670498520078,0.0665005043750063,0.0847222695002383
62,0.06404139070548001,0.06460286811299476,0.08261386148482266
63,0.06221372080893336,0.06276976323657625,0.08048201930338697
64,0.06046035940126574,0.06099737255709642,0.07833786550140336
65,0.05877831626054468,0.059283453674532506,0.07619878739926313
66,0.05716486025277566,0.05762711382631385,0.07408839798623812
67,0.055617370275020735,0.0560283600126253,0.07203483391178925
68,0.054133132623860054,0.05448751993498899,0.07006622843835159
69,0.05270914017371153,0.053004684648727325,0.06820400148993365
70,0.05134197672333935,0.051579320084303146,0.0664564476187933
71,0.050027854909114336,0.05021013028476465,0.06481572552343515
72,0.04876282021340597,0.04889516070091785,0.06326016330432932
73,0.047543064038863256,0.04763204918327865,0.061761352121007626
74,0.04636524120011001,0.0464182994022203,0.060293225939531764
75,0.045226684993201725,0.0452514743838253,0.058839507522925626
76,0.04412545574418889,0.044129267980234206,0.057396852971602706
77,0.04306022435907051,0.04304947670886487,0.055973055065566796
78,0.042030050621065046,0.04200993449771806,0.054581690507155015
79,0.04103414372933322,0.04100847581532135,0.053235775144380826
80,0.04007168322237929,0.040042964494807466,0.051942989343787965
81,0.03914174164299911,0.03911138448682005,0.05070402275524957
82,0.03824330482120803,0.038211955020423564,0.04951410332991292
83,0.037375350134949255,0.037343219851840706,0.04836648985573545
84,0.036536929193142755,0.03650407121416753,0.04725612149696009
85,0.035727210744391384,0.03569369630815132,0.04618185705766103
86,0.034945464958472276,0.03491146451643389,0.045146565441997695
87,0.034190999239091246,0.0341567941174096,0.0441553331695327
88,0.03346307627289706,0.03342904067889091,0.04321282906241279
89,0.03276084976748676,0.032727435921535604,0.042321124612942816
90,0.032083342217656644,0.03205108303074924,0.04147892248955754
91,0.031429468773045297,0.0313989928521898,0.04068236622569375
92,0.030798091974268228,0.03077013413315105,0.03992679053609792
93,0.03018808239561813,0.03016347321883842,0.03920835902254724
94,0.02959836313744879,0.029577990846329047,0.03852473339955248
95,0.029027928135368836,0.029012678153286304,0.03787457382591801
96,0.0284758378877516,0.028466523358419357,0.03725636912374838
97,0.02794120447044835,0.02793850160521525,0.036667423337339924
98,0.02742317785407765,0.027427575134264404,0.03610361990691227
99,0.02692093979894786,0.026932704114769026,0.035560030541045465
100,0.02643370491248624,0.026452864333667003,0.035031924418521806
101,0.02596072491970673,0.02598706764802256,0.03451558579941403
102,0.0255012927321151,0.025534382828257585,0.03400860022122916
103,0.025054745419626608,0.025093955527898733,0.03350967979720797
104,0.0246204668320455,0.024665025478116814,0.03301835490751823
105,0.024197890090830433,0.02424693766532544,0.03253481230636515
106,0.02378649847333879,0.023839144177959248,0.03205990521065379
107,0.02338582239668552,0.02344119558189255,0.03159513754519708
108,0.022995431461975975,0.02305272414949918,0.031142412635518958
109,0.022614923156744255,0.022673423878272925,0.03070352680444831
110,0.022243911915127795,0.022303032337545485,0.030279610460872384
111,0.021882022239648455,0.021941317038569018,0.029870792716119417
112,0.021528887475487306,0.021588065868352165,0.029476240513924317
113,0.021184153024008556,0.021243079108426658,0.02909450488454007
114,0.020847481011885476,0.02090616062502136,0.028723956539231373
115,0.02051855352016113,0.02057710749468478,0.02836309931848676
116,0.020197072977869865,0.020255699319096092,0.028010676811757486
117,0.019882760083332732,0.019941689635160176,0.02766562586042712
118,0.019575350662153115,0.019634801749945384,0.02732699347725103
119,0.019274592933314103,0.01933473033809882,0.026993909486668525
120,0.018980246060795795,0.01904114880630039,0.026665642741562436
121,0.018692080107542176,0.018753721210010264,0.026341714708594186
122,0.01840987690335319,0.018472116647564624,0.026022018458604263
123,0.0181334310093109,0.018196023682749293,0.02570688499908501
124,0.01786254995468316,0.017925162519501128,0.025397045117694764
125,0.017597053261035125,0.017659293303341216,0.025093460475082267
126,0.017336770369449847,0.017398219805661426,0.024797048901705473
127,0.017081538188145826,0.017141788525794805,0.024508389248621556
128,0.016831199233867535,0.016889883712942137,0.02422752215715987
129,0.01658560105983954,0.01664241902128936,0.0239539332531386
130,0.01634459698513424,0.016399326710268093,0.02368672181872418
131,0.016108047471947246,0.016160545673132746,0.02342486893532381
132,0.015875821237849128,0.015926010047507853,0.0231674795444345
133,0.01564779546026842,0.01569564042308519,0.022913904050454362
134,0.015423855015612076,0.015469339401356473,0.022663720781278752
135,0.015203891226909644,0.015246992407113467,0.022416630393350224
136,0.014987800803307446,0.015028473437338184,0.022172339911730662
137,0.014775485507942061,0.01481365426813847,0.021930494531631168
138,0.014566852739465013,0.014602414890170078,0.021690673529764986
139,0.014361816853031919,0.014394652790701788,0.021452430532738473
140,0.014160300812505902,0.014190289133887172,0.021215342444108828
141,0.013962237706193668,0.013989270760570802,0.020979035230450634
142,0.013767571763097113,0.01379156800406054,0.02074317164586709
143,0.013576258721183263,0.013597169323250584,0.02050740836170025
144,0.013388265628687009,0.013406074422380213,0.020271349570364656
145,0.013203570293337632,0.013218287683856677,0.02003453128495933
146,0.01302216056547774,0.013033813381385847,0.019796458950155447
147,0.012844033478363394,0.012852653430940452,0.019556694617251954
148,0.012669194088132628,0.012674807631006448,0.019314963663085855
149,0.012497653781232436,0.012500275669670307,0.019071241072805417
150,0.012329427894903796,0.012329059768446114,0.0188257888995308
151,0.012164532672385119,0.012161166733989825,0.018579139977126534
152,0.01200298174930464,0.011996608388199173,0.01833204209438368
153,0.011844782474969907,0.011835399798416652,0.018085381978562715
154,0.011689932410948858,0.011677555337275556,0.017840102495515223
155,0.01153841635207767,0.011523083213605984,0.017597119534373904
156,0.011390204196427476,0.011371979557203385,0.01735724395790709
157,0.011245249931259398,0.011224223285495053,0.017121117159596383
158,0.011103491878291415,0.011079772808791665,0.016889169914118773
159,0.010964854165530962,0.010938565226257533,0.016661609916666972
160,0.010829249215912917,0.010800518159789647,0.016438436259312697
161,0.010696580921931017,0.010665533888072983,0.016219474142659708
162,0.010566748134537281,0.010533505058119636,0.016004422477360336
163,0.010439648117474281,0.01040432101431984,0.01579290848674982
164,0.010315179672277285,0.010277873726520287,0.015584543827950416
165,0.010193245704124929,0.010154062431228843,0.01537897567674554
166,0.010073755073891187,0.010032796400516963,0.015175925922925064
167,0.009956623672003619,0.009913995654092053,0.014975213948272975
168,0.00984177474902502,0.009797589834701451,0.01477676261993803
169,0.00972913862715364,0.009683515782131174,0.014580590633572236
170,0.009618651974919044,0.009571714506385462,0.01438679558098186
171,0.009510256843124567,0.009462128261880233,0.014195531594667275
172,0.009403899636721464,0.009354698288114506,0.014006984588528773
173,0.0092995301489188,0.00924936356040142,0.013821347665577187
174,0.009197100729225305,0.009146060646833909,0.013638798873433434
175,0.009096565613085415,0.00904472454656239,0.013459482858539701
176,0.008997880415914596,0.008945290222889951,0.01328349748482541
177,0.008901001785785876,0.008847694455783019,0.013110886572596734
178,0.008805887205587108,0.008751877621818137,0.012941640129829344
179,0.008712494926791376,0.008657785059476593,0.012775702699060292
180,0.00862078400198473,0.008565367784647044,0.012612988312105864
181,0.008530714370545952,0.008474582467770716,0.012453398112055867
182,0.008442246951316753,0.008385390741096524,0.012296835747811903
183,0.008355343709792682,0.008297758035627842,0.012143216984318377
184,0.008269967687649758,0.008211652221436263,0.011992472680702191
185,0.0081860829985506,0.008127042328568729,0.01184454661082635
186,0.008103654800528203,0.008043897566703158,0.011699390474706008
187,0.008022649253882623,0.007962186763520113,0.011556958123474268
188,0.007943033470170575,0.007881878233400889,0.011417200369636844
189,0.007864775456427128,0.0078029399955335576,0.011280061292159967
190,0.007787844059336385,0.007725340202155998,0.011145476588318772
191,0.007712208914781803,0.007649047621819149,0.011013374074762036
192,0.007637840407674333,0.007574032046486037,0.010883675989908385
193,0.007564709645040404,0.007500264542392292,0.010756302519416764
194,0.0074927884425568594,0.007427717524679038,0.010631175947523984
195,0.007422049321748468,0.0073563646871515325,0.01050822479466662
196,0.007352465512894377,0.007286180848987122,0.01038738713183578
197,0.007284010958340527,0.007217141785501605,0.01026861218734879
198,0.007216660312614305,0.007149224093293761,0.010151859675982203
199,0.0071503889384003,0.0070824051099792965,0.010037096957273322
200,0.007085172899349174,0.007016662877128766,0.009924294791907668
201,0.007020988950910924,0.006951976113397127,0.009813422752319832
202,0.006957814529420389,0.006888324160425813,0.009704445236640751
203,0.006895627738781739,0.006825686877338843,0.009597318780552836
204,0.006834407334062666,0.006764044484292642,0.009491991144345714
205,0.006774132701884258,0.006703377381557114,0.009388402427512637
206,0.006714783838019885,0.006643665988255079,0.009286488105591725
207,0.006656341322794694,0.006584890647950214,0.009186183416672038
208,0.00659878629490465,0.006527031635602778,0.009087428138273538
209,0.006542100424403606,0.006470069275823489,0.008990170669185053
210,0.006486265885808502,0.006413984153242116,0.008894370497896273
211,0.0064312653323432434,0.006358757370818944,0.008799998519045726
212,0.006377081872194674,0.006304370798269394,0.008707035159363712
213,0.006323699047375485,0.0062508072540371,0.008615466809225588
214,0.006271100815473062,0.00619805057960588,0.008525281497764707
215,0.006219271534222091,0.006146085589824468,0.00843646493908957
216,0.006168195948492138,0.0060948979106899255,0.008348997924193876
217,0.0061178591790376794,0.006044473739861421,0.008262855597769545
218,0.006068246712322908,0.005994799579681569,0.008178008613441886
219,0.006019344390869718,0.0059458619949507765,0.008094425676036616
220,0.005971138403729518,0.005897647438568631,0.008012076659244593
221,0.005923615276753298,0.0058501421706115475,0.00793093538555381
222,0.005876761862395259,0.005803332275218866,0.00785098130192715
223,0.005830565328951296,0.005757203759712093,0.007772199655054807
224,0.005785013149399358,0.005711742705606404,0.007694580246912293
225,0.005740093090230328,0.005666935433986766,0.007618115256839644
226,0.005695793200703945,0.00562276864882273,0.007542796810901284
227,0.005652101802845734,0.005579229530264881,0.007468614935962918
228,0.005609007482334299,0.005536305763490063,0.007395556324531718
229,0.005566499080306459,0.0054939855040262685,0.007323604054092285
230,0.0055245656860377565,0.0054522572942726985,0.007252738131815417
231,0.005483196630406871,0.005411109955249081,0.007182936537496924
232,0.005442381480017423,0.0053705324806939125,0.007114176367672353
233,0.005402110031840037,0.005330513957189728,0.007046434757285793
234,0.0053623723082419006,0.005291043525272523,0.006979689425174712
235,0.00532315855226361,0.005252110384994764,0.006913918867942785
236,0.005284459222980612,0.0052137038382874135,0.0068491023403261225
237,0.005246264990784484,0.0051758133525711915,0.006785219787892011
238,0.005208566732471498,0.005138428627178654,0.006722251860348085
239,0.0051713555261206695,0.005101539646496583,0.00666018006030144
240,0.005134622645830217,0.005065136710047252,0.006598986996909195
241,0.005098359556418424,0.005029210437707822,0.006538656642301314
242,0.0050625579081818506,0.004993751755371064,0.0064791744606214185
243,0.005027209531769222,0.0049587518705623826,0.006420527311949879
244,0.004992306433199325,0.004924202247955996,0.006362703113534707
245,0.0049578407890357775,0.004890094591811933,0.006305690331308496
246,0.004923804941728529,0.004856420837590308,0.006249477436793792
247,0.004890191395135052,0.004823173150356061,0.006194052477334853
248,0.00485699281023491,0.004790343924763218,0.006139402871644213
249,0.004824202001043518,0.004757925781250494,0.006085515473429896
250,0.004791811930715825,0.004725911555349011,0.006032376867214121
