epoch,loss,gradient_norm
1,1.3520991546381458,1.7775607436647642
2,1.2227526049798407,1.6090195594556054
3,1.106967020618951,1.453610794075528
4,1.0036427053321457,1.3118851980113928
5,0.9118007254293571,1.1834498606863337
6,0.8304313948179939,1.0679854128226403
7,0.7585374999663372,0.9647566136240043
8,0.6951860428760624,0.8728187041831093
9,0.6395156761143601,0.7912158006098657
10,0.5907309753265824,0.7190913123622875
11,0.5480852612162372,0.6557653347197165
12,0.510862059546753,0.6007382153634917
13,0.47836711256894254,0.5536131493580995
14,0.4499309115312848,0.5139463944649528
15,0.4249164005839996,0.48106981718992503
16,0.40273098769580906,0.45398746177716565
17,0.3828431426663322,0.4314268940220973
18,0.3647976951739099,0.4120228826654978
19,0.3482232497562974,0.394528090062306
20,0.3328315728327794,0.37796462639374223
21,0.31841192206429886,0.3616994419869605
22,0.30482171070382164,0.34545800029689305
23,0.29197294452402234,0.32928515172436224
24,0.27981489684161065,0.31345856231382624
25,0.26831628670069857,0.2983677156170481
26,0.25745072816760983,0.2843842476279014
27,0.24718753549512887,0.2717545578670278
28,0.23748804391267042,0.2605391869595779
29,0.22830636531108658,0.2506091285744582
30,0.21959298690880907,0.24169247225470863
31,0.21129966383556037,0.2334517336689755
32,0.20338432868724798,0.22556712704267506
33,0.1958148582656641,0.21780341745428486
34,0.1885706687611238,0.21004557790616368
35,0.18164173285316285,0.2022993258527723
36,0.17502554143498805,0.19466313509785088
37,0.16872314743379244,0.1872846311834089
38,0.16273544160074332,0.18031537652228005
39,0.15706039708563463,0.1738752271102131
40,0.15169152983045112,0.1680324634875173
41,0.14661748274639316,0.1628003855932971
42,0.14182247994706712,0.15814646115256495
43,0.13728735146688156,0.15400764648661594
44,0.1329908465395897,0.15030571066069076
45,0.1289110011881143,0.14695867582467326
46,0.1250263799830624,0.14388732504306884
47,0.12131705992751328,0.1410176983478676
48,0.11776526769789519,0.138281084379104
49,0.11435563145164039,0.1356126872600517
50,0.11107508733650025,0.13294992336136752
51,0.107912623723973,0.13023224579706588
52,0.10485922753884104,0.12740640717743879
53,0.10190835425572828,0.12444050408007702
54,0.09905664945574508,0.12134201293867335
55,0.09630397121748345,0.1181649954634323
56,0.093652062950056,0.11499493590229151
57,0.09110234272468745,0.11191605274713749
58,0.08865395501507413,0.10897858111424197
59,0.08630299553726377,0.10618321885104227
60,0.08404312295930588,0.10348988867846384
61,0.08186711306628812,0.10084509815825518
62,0.07976855189285904,0.0982131492715612
63,0.07774290902336932,0.09559560583219189
64,0.07578762242794342,0.09303036309883918
65,0.07390133215461613,0.09057199644873375
66,0.07208276261738615,0.08826396147016789
67,0.07032983820715964,0.08611727081590966
68,0.06863943263148635,0.08410728763061902
69,0.06700779489759646,0.08219040887231532
70,0.06543132713666909,0.080330425670825
71,0.06390721484955285,0.0785181563634108
72,0.06243355003209599,0.07677233790434056
73,0.06100894564089852,0.07512183540612591
74,0.059631958194258934,0.07358095000461633
75,0.05830071219195374,0.07213375999881229
76,0.05701294276732043,0.07073757797875428
77,0.055766382600649006,0.06934345492778798
78,0.05455920318812361,0.06792121257390812
79,0.05339020611062169,0.06647432984184293
80,0.052258641445262856,0.06503660935798686
81,0.05116377825162884,0.06365318639838309
82,0.05010450372279081,0.06235713769276301
83,0.04907919321426527,0.061155020906154954
84,0.048085906009512305,0.06002860130025598
85,0.04712275228560237,0.058949462377975825
86,0.04618818643183831,0.05789559590424071
87,0.04528106199661144,0.056859601545475265
88,0.044400462263164374,0.05584538700501993
89,0.04354546525747231,0.05485833475617531
90,0.04271501896289377,0.053897351201066195
91,0.041907995594010296,0.052954356610687224
92,0.04112335275345109,0.05202036857938646
93,0.04036025959073413,0.05109247767216742
94,0.03961808972969564,0.050176119714363185
95,0.0388962933994968,0.04928133348517432
96,0.03819424995775812,0.048416411417272015
97,0.03751120690784708,0.047583937639128694
98,0.036846337442909355,0.04678172579468788
99,0.03619885791698469,0.04600689415295692
100,0.03556811032620877,0.04525893613078788
101,0.03495355589383216,0.0445390730723332
102,0.03435470269797648,0.04384688253420703
103,0.03377103697469651,0.043177750711403
104,0.03320201149290565,0.04252390449417071
105,0.03264708806089268,0.04187850383970135
106,0.032105786702519644,0.04123951495730774
107,0.03157769603656954,0.040610211709238765
108,0.031062439459984888,0.039995924556898266
109,0.030559631116436305,0.03939965297196021
110,0.03006886120559998,0.03881991748443948
111,0.029589721128795817,0.03825223404093257
112,0.029121843718078702,0.037692639054982824
113,0.028664923045200377,0.03714028405926212
114,0.028218698589207634,0.03659725853821
115,0.027782919180195036,0.03606625539489433
116,0.027357316184791404,0.0355482980936878
117,0.026941603487363082,0.035042320751233355
118,0.026535497644367086,0.034546584521334
119,0.02613873694233567,0.03406042716156316
120,0.025751083365470797,0.03358484820204662
121,0.025372308848671202,0.03312165939201793
122,0.025002180122687446,0.03267213523060325
123,0.024640454939100876,0.03223627701189872
124,0.024286890388806288,0.031813007913768926
125,0.02394125371272277,0.031400749838801964
126,0.023603326162260976,0.030997708635192654
127,0.023272898986835787,0.030601782214985534
128,0.02294976814088994,0.030210573046123325
129,0.022633733972876158,0.029821915054881333
130,0.022324605663066346,0.029434726595904695
131,0.022022204810876474,0.029049536214156207
132,0.02172636348793087,0.02866819324623888
133,0.021436917687104512,0.028292918430847153
134,0.021153701504565928,0.027925358535020553
135,0.02087654651015559,0.02756622649489292
136,0.020605285947829535,0.027215555205844198
137,0.020339759507193585,0.026873113007100616
138,0.020079814793573587,0.026538541803848948
139,0.01982530527028098,0.026211194211692757
140,0.0195760875151186,0.025890004959273648
141,0.019332020475466047,0.02557368921739516
142,0.019092966836358735,0.025261205747901246
143,0.018858794547852033,0.024952141294689322
144,0.018629376868071684,0.024646735525953516
145,0.018404591181246308,0.024345579339583343
146,0.018184318119562455,0.02404926041471419
147,0.01796844193017345,0.02375818777526675
148,0.017756851449777584,0.02347259369667707
149,0.01754944027485637,0.023192550807402533
150,0.017346105517893597,0.022917903867964547
151,0.017146745983416745,0.02264819492853208
152,0.016951261171014757,0.022382736984944786
153,0.01675955171728064,0.022120873893803003
154,0.01657152062558158,0.021862279099107335
155,0.016387074140867538,0.021607088054845288
156,0.016206121726223204,0.0213557862464973
157,0.016028575517725942,0.021108957763378008
158,0.0158543499447853,0.020867069041746632
159,0.01568336175634474,0.020630378691476905
160,0.015515530125775,0.020398937675347357
161,0.015350776449692304,0.02017260323594359
162,0.015189023880777483,0.01995104958584135
163,0.015030196994696852,0.019733823442802733
164,0.014874221883499066,0.019520477152119242
165,0.014721026546674454,0.019310733199023086
166,0.014570541189667467,0.019104582254199295
167,0.014422698186317435,0.018902251864382436
168,0.014277431809969501,0.018704071374477788
169,0.014134678009070641,0.0185103179324141
170,0.013994374366710534,0.018321114797370364
171,0.013856460150345357,0.01813639795637679
172,0.013720876295309013,0.017955930375447123
173,0.013587565301318067,0.01777934720178478
174,0.013456471156444329,0.017606231100694918
175,0.013327539373711013,0.017436210497869035
176,0.013200717083485783,0.0172690485499397
177,0.013075953049954988,0.017104680552070123
178,0.012953197557749943,0.01694318170917334
179,0.01283240224864683,0.016784687375146882
180,0.01271352002758937,0.01662930914072987
181,0.01259650507117706,0.016477079121357326
182,0.012481312868172046,0.016327929803804743
183,0.01236790021062947,0.016181702834043857
184,0.012256225128594603,0.016038181384639378
185,0.012146246823760067,0.015897142135461527
186,0.012037925643147884,0.015758413893954222
187,0.011931223075838843,0.015621918932382423
188,0.011826101729838135,0.015487676170097615
189,0.011722525277018923,0.01535576484925745
190,0.011620458395793768,0.015226268247007634
191,0.011519866742319416,0.015099223082821672
192,0.011420716945773141,0.014974590734680321
193,0.011322976597916245,0.014852253417927806
194,0.01122661421970474,0.014732032020540018
195,0.01113159921770691,0.014613720758664397
196,0.01103790185307597,0.014497130521408804
197,0.010945493227719432,0.014382127145867021
198,0.010854345272069334,0.014268649675975877
199,0.010764430720448038,0.014156701699283104
200,0.010675723077628608,0.014046321837121782
201,0.010588196590242642,0.013937548024026806
202,0.010501826228879397,0.01383038952278266
203,0.010416587673844981,0.01372481403335901
204,0.01033245729596658,0.013620750885614643
205,0.010249412133024757,0.01351810742890898
206,0.01016742986868704,0.013416792713479632
207,0.010086488816626913,0.013316739676711065
208,0.010006567904924867,0.0132179167063
209,0.009927646655385326,0.013120323900891405
210,0.009849705159083394,0.013023976785613971
211,0.009772724054079977,0.012928885787325916
212,0.009696684508209003,0.012835040202491852
213,0.009621568203764357,0.012742401814338038
214,0.009547357319554235,0.012650909070974704
215,0.009474034510005353,0.012560489699089815
216,0.009401582884727066,0.012471077471098047
217,0.00932998599078301,0.012382627241725274
218,0.009259227796286464,0.012295122430105186
219,0.009189292672893758,0.012208571976498
220,0.009120165377198864,0.012122998493327718
221,0.009051831033214578,0.012038423080451643
222,0.008984275117244424,0.011954852962056117
223,0.008917483444065361,0.01187227598976224
224,0.008851442152716424,0.011790662975745558
225,0.008786137691835328,0.011709976220347019
226,0.008721556805944598,0.011630180837010005
227,0.008657686523560268,0.011551254632543062
228,0.00859451414653922,0.011473192817065278
229,0.008532027239764763,0.011396005934743629
230,0.008470213621315567,0.01131971232548841
231,0.008409061354060327,0.011244328600357671
232,0.008348558739135795,0.011169861972629452
233,0.008288694310812746,0.011096307006605008
234,0.008229456832130956,0.011023647388972095
235,0.008170835291394419,0.010951861532605524
236,0.008112818900078282,0.010880929595732185
237,0.008055397092345807,0.010810839099278215
238,0.007998559525814266,0.01074158698190979
239,0.007942296083212046,0.010673177514639653
240,0.007886596875014175,0.010605617292251134
241,0.007831452243332569,0.010538909616596159
242,0.007776852767032982,0.010473050536746742
243,0.00772278926771785,0.010408027854773813
244,0.00766925281628008,0.010343823128342665
245,0.007616234740020456,0.010280415595933326
246,0.007563726630397382,0.010217786313932213
247,0.007511720351281891,0.010155920812442014
248,0.0074602080474431435,0.010094809276873878
249,0.007409182153072021,0.010034444369054612
250,0.007358635400274234,0.00997481778497689
251,0.007308560827399941,0.00991591704517388
252,0.0072589517868967245,0.009857723727897429
253,0.007209801952317876,0.009800213632311499
254,0.007161105324238876,0.009743358557673325
255,0.007112856234945305,0.009687128791803563
256,0.007065049351715175,0.009631495199355834
257,0.007017679678414116,0.009576430055598434
258,0.006970742555106312,0.009521906380636958
259,0.006924233655460731,0.009467896207788047
260,0.0068781489817866205,0.009414368643093737
261,0.006832484857521531,0.009361288572632787
262,0.006787237917001323,0.009308616514781853
263,0.006742405092431253,0.00925630960320083
264,0.006697983598103314,0.009204323239794174
265,0.006653970911985399,0.009152612732079844
266,0.006610364754842894,0.009101134301175212
267,0.006567163067109726,0.009049845179973297
268,0.006524363983830111,0.008998702960229872
269,0.006481965808096972,0.008947664680082556
270,0.006439966983472906,0.008896686221657332
271,0.00639836606590769,0.008845722406119222
272,0.0063571616956978085,0.008794727845835192
273,0.006316352570064245,0.008743658294468118
274,0.006275937416920242,0.00869247205117879
275,0.006235914970347996,0.008641130988501606
276,0.006196283948224907,0.008589600970406048
277,0.006157043032355415,0.008537851713597382
278,0.006118190851366939,0.008485856384924136
279,0.006079725966507481,0.008433591312621185
280,0.006041646860351222,0.008381036094932936
281,0.006003951928301246,0.00832817417770941
282,0.005966639472685105,0.008274993745789517
283,0.005929707699160442,0.008221488626469136
284,0.005893154715083012,0.008167658891688492
285,0.005856978529449307,0.008113510966179512
286,0.00582117705402068,0.00805905724203831
287,0.005785748105259044,0.008004315374884515
288,0.005750689406744897,0.00794930751599031
289,0.005715998591802682,0.007894059693914867
290,0.005681673206127823,0.007838601431655835
291,0.00564771071028815,0.007782965537801414
292,0.005614108482046262,0.007727187909139593
293,0.005580863818508931,0.007671307168274316
294,0.005547973938154744,0.007615364033872368
295,0.005515435982823969,0.007559400444555677
296,0.005483247019772969,0.007503458569891474
297,0.00545140404389688,0.007447579891784638
298,0.0054199039802106715,0.007391804509084438
299,0.0053887436866568925,0.007336170728363089
300,0.005357919957282123,0.007280714899231841
301,0.005327429525794524,0.0072254713789258835
302,0.0052972690694838825,0.007170472496240755
303,0.005267435213457848,0.007115748429587337
304,0.005237924535127438,0.007061326991800464
305,0.00520873356886223,0.007007233385889389
306,0.0051798588107294,0.006953490028251955
307,0.005151296723231401,0.0069001165181854646
308,0.005123043739964337,0.006847129778577599
309,0.0050950962701319085,0.006794544330898033
310,0.005067450702865159,0.006742372626517992
311,0.005040103411314128,0.0066906253522135434
312,0.005013050756492855,0.006639311658512183
313,0.004986289090873531,0.006588439307299242
314,0.004959814761737317,0.0065380147753944075
315,0.004933624114297869,0.0064880433654184964
316,0.004907713494618958,0.006438529360610748
317,0.004882079252350537,0.006389476227319258
318,0.0048567177433084556,0.006340886836077591
319,0.004831625331921039,0.006292763655872931
320,0.004806798393562204,0.006245108883444766
321,0.004782233316785997,0.006197924495323741
322,0.004757926505472773,0.006151212240997464
323,0.00473387438089263,0.006104973615674229
324,0.004710073383687939,0.006059209851552462
325,0.004686519975773913,0.00601392194864837
326,0.004663210642154701,0.0059691107402018995
327,0.004640141892652037,0.005924776966610919
328,0.004617310263543536,0.005880921325442401
329,0.004594712319108216,0.005837544475333413
330,0.004572344653077772,0.005794646992360502
331,0.004550203889993249,0.005752229297849815
332,0.004528286686468025,0.005710291586732302
333,0.004506589732359041,0.005668833781386569
334,0.004485109751849418,0.005627855520781313
335,0.004463843504446378,0.005587356176953442
336,0.004442787785899011,0.005547334879237787
337,0.004421939429040582,0.0055077905262009555
338,0.0044012953045597415,0.005468721775039057
339,0.004380852321704612,0.005430127012376492
340,0.004360607428923112,0.005392004321354463
341,0.004340557614442237,0.005354351462304653
342,0.004320699906788544,0.005317165877641436
343,0.00430103137525167,0.0052804447199701135
344,0.00428154913029245,0.005244184892029452
345,0.004262250323897131,0.0052083830830428664
346,0.004243132149878878,0.005173035789859341
347,0.004224191844127777,0.005138139320401934
348,0.004205426684810409,0.005103689786409157
349,0.004186833992520124,0.005069683097494896
350,0.004168411130379227,0.005036114967038579
351,0.004150155504094395,0.005002980933700151
352,0.004132064561966916,0.004970276394259692
353,0.0041141357948594704,0.004937996638167687
354,0.0040963667361212435,0.004906136874056445
355,0.00407875496147327,0.004874692243103586
356,0.004061298088855757,0.004843657820796788
357,0.004043993778239141,0.004813028613802192
358,0.004026839731400524,0.004782799559865738
359,0.004009833691667038,0.0047529655357804275
360,0.00399297344362768,0.004723521373346433
361,0.003976256812815053,0.00469446187876985
362,0.003959681665358376,0.004665781849318583
363,0.003943245907609045,0.004637476082830863
364,0.003926947485739862,0.004609539379598329
365,0.003910784385318953,0.004581966539967663
366,0.00389475463085937,0.004554752362734391
367,0.0038788562853452387,0.004527891648319885
368,0.0038630874497353677,0.00450137920764476
369,0.0038474462624452604,0.004475209874310141
370,0.003831930898808425,0.004449378515907844
371,0.0038165395705179544,0.004423880040796556
372,0.0038012705250493033,0.004398709399041697
373,0.003786122045065221,0.004373861579050201
374,0.0037710924478038046,0.004349331603249665
375,0.0037561800844507086,0.004325114526143263
376,0.0037413833394965785,0.0043012054364237546
377,0.00372670063008089,0.004277599462566336
378,0.003712130405323444,0.004254291779662008
379,0.0036976711456448257,0.004231277614963325
380,0.0036833213620772057,0.004208552250662118
381,0.00366907959556694,0.004186111024075411
382,0.0036549444162704086,0.004163949326720611
383,0.003640914422844708,0.004142062604056285
384,0.003626988241734804,0.004120446356916069
385,0.0036131645264588716,0.004099096144408298
386,0.0035994419568936647,0.0040780075870494314
387,0.003585819238561735,0.004057176368689873
388,0.0035722951019224497,0.0040365982364272855
389,0.0035588683016687097,0.004016268998768411
390,0.0035455376160313194,0.003996184523169623
391,0.003532301846092912,0.00397634073429962
392,0.0035191598151133366,0.003956733613853423
393,0.003506110367868357,0.0039373592018414815
394,0.003493152370003473,0.003918213598495605
395,0.0034802847074045544,0.0038992929656801244
396,0.0034675062855868987,0.00388059352705785
397,0.0034548160291041313,0.0038621115669839087
398,0.0034422128809782474,0.0038438434287663818
399,0.0034296958021518636,0.0038257855131928497
400,0.0034172637709635645,0.00380793427798284
401,0.0034049157826470393,0.0037902862382728207
402,0.003392650848854439,0.00377283796770451
403,0.0033804679972042058,0.003755586099455571
404,0.0033683662708533495,0.0037385273267085887
405,0.003356344728093939,0.0037216584024631276
406,0.003344402441973352,0.003704976138993251
407,0.003332538499937544,0.003688477407411633
408,0.003320752003496509,0.0036721591376541606
409,0.003309042067910818,0.0036560183188581448
410,0.00329740782189802,0.0036400519997888676
411,0.00328584840735758,0.0036242572888576193
412,0.003274362979112855,0.0036086313534219668
413,0.003262950704668613,0.003593171418369553
414,0.003251610763982506,0.003577874764277203
415,0.0032403423492489035,0.003562738725552364
416,0.003229144664693523,0.0035477606888557837
417,0.003218016926377332,0.003532938091853792
418,0.0032069583620082717,0.0035182684221054185
419,0.0031959682107594433,0.0035037492157870683
420,0.00318504572309253,0.0034893780560376884
421,0.0031741901605853075,0.0034751525709082924
422,0.003163400795762316,0.0034610704311006306
423,0.0031526769119278103,0.003447129347770834
424,0.003142017803000336,0.0034333270706193753
425,0.003131422773348396,0.0034196613863342745
426,0.0031208911376268017,0.0034061301172976814
427,0.003110422220613464,0.003392731120390316
428,0.0031000153570464838,0.003379462285764594
429,0.0030896698914615237,0.0033663215355686444
430,0.003079385178029517,0.003353306822714115
431,0.0030691605803948563,0.0033404161298273886
432,0.003058995471514281,0.0033276474684844812
433,0.0030488892334966876,0.0033149988787361793
434,0.0030388412574441715,0.0033024684288405076
435,0.003028850943294562,0.0032900542150843676
436,0.0030189176996657744,0.0032777543616081812
437,0.003009040943702247,0.0032655670202201936
438,0.002999220100923723,0.0032534903702533657
439,0.0029894546050766306,0.0032415226185407505
440,0.002979743897988241,0.0032296619995546374
441,0.002970087429423786,0.0032179067756954297
442,0.002960484656946656,0.0032062552376635324
443,0.002950935045781761,0.003194705704831116
444,0.002941438068682126,0.0031832565255541867
445,0.002931993205798692,0.0031719060774108975
446,0.0029225999445533567,0.0031606527673904167
447,0.0029132577795151515,0.003149495032067268
448,0.0029039662122795212,0.0031384313377782265
449,0.002894724751350596,0.003127460180787346
450,0.0028855329120263387,0.0031165800874023105
451,0.002876390216286475,0.0031057896140048486
452,0.002867296192683053,0.003095087346978634
453,0.00285825037623351,0.0030844719025458316
454,0.0028492523083161383,0.003073941926540459
455,0.002840301536567793,0.00306349609414571
456,0.00283139761478374,0.003053133109604029
457,0.002822540102819526,0.003042851705887474
458,0.0028137285664947783,0.0030326506443038603
459,0.002804962577498819,0.003022528714018169
460,0.002796241713298032,0.0030124847314849145
461,0.002787565557044891,0.003002517539805715
462,0.0027789336974885985,0.002992626008036607
463,0.0027703457288872618,0.002982809030467279
464,0.002761801250921571,0.002973065525883895
465,0.002753299868609934,0.0029633944368150198
466,0.0027448411922250267,0.002953794728755133
467,0.002736424837211738,0.0029442653893631027
468,0.002728050424106476,0.0029348054276421847
469,0.002719717578457812,0.0029254138731153864
470,0.002711425930748449,0.002916089775012199
471,0.0027031751163184856,0.002906832201478374
472,0.0026949647752899683,0.002897640238812574
473,0.0026867945524926898,0.0028885129907276247
474,0.0026786640973912616,0.002879449577633524
475,0.002670573064013382,0.002870449135942436
476,0.002662521110879337,0.002861510817401494
477,0.0026545079009326804,0.002852633788461995
478,0.0026465331014720846,0.0028438172296928518
479,0.002638596384084337,0.0028350603352408485
480,0.0026306974245784674,0.0028263623123360136
481,0.00262283590292098,0.0028177223808364344
482,0.0026150115031721693,0.0028091397728080363
483,0.002607223913423487,0.002800613732137248
484,0.0025994728257359647,0.0027921435141780794
485,0.002591757936079635,0.0027837283854357806
486,0.002584078944273956,0.0027753676232885284
487,0.0025764355539292074,0.002767060515745493
488,0.0025688274723888226,0.002758806361237071
489,0.0025612544106726714,0.002750604468431887
490,0.0025537160834212306,0.002742454156076426
491,0.0025462122088406535,0.002734354752854433
492,0.002538742508648703,0.0027263055972650122
493,0.002531306708021539,0.00271830603751881
494,0.0025239045355413383,0.002710355431450584
495,0.0025165357231447215,0.0027024531464456907
496,0.0025092000060719815,0.002694598559376909
497,0.002501897122817109,0.002686791056548525
498,0.0024946268150785557,0.002679030033645274
499,0.002487388827710776,0.0026713148956844855
500,0.0024801829086764974,0.002663645056970635
