episode_id,video_file,start_id,target_id,route,success,split,notes
ep_001,ep_001_s1_t1_left.MOV,s1,t1,left,,train,
ep_002,ep_002_s2_t1_right.MOV,s2,t1,right,,train,
ep_003,ep_003_s3_t1_left_redo.MOV,s3,t1,left,,test,
ep_004,ep_004_s1_t1_right.MOV,s1,t1,right,,train,
ep_005,ep_005_s2_t1_left.MOV,s2,t1,left,,train,
ep_006,ep_006_s3_t1_right.MOV,s3,t1,right,,test,
ep_007,ep_007_s3_t1_right.MOV,s3,t1,right,,test,
ep_008,ep_008_s1_t1_left.MOV,s1,t1,left,,train,
ep_009,ep_009_s2_t1_right.MOV,s2,t1,right,,train,
ep_010,ep_010_s3_t1_left_redo.MOV,s3,t1,left,,test,
ep_011,ep_011_s1_t1_right.MOV,s1,t1,right,,train,
ep_012,ep_012_s2_t1_left.MOV,s2,t1,left,,train,
ep_013,ep_013_s2_t1_left.MOV,s2,t1,left,,train,
ep_014,ep_014_s3_t1_right_redo.MOV,s3,t1,right,,test,
ep_015,ep_015_s1_t1_left.MOV,s1,t1,left,,train,
ep_016,ep_016_s2_t1_right.MOV,s2,t1,right,,train,
ep_017,ep_017_s3_t1_left.MOV,s3,t1,left,,test,
ep_018,ep_018_s1_t1_right.MOV,s1,t1,right,,train,
ep_019,ep_019_s1_t1_right.MOV,s1,t1,right,,train,
ep_020,ep_020_s2_t1_left.MOV,s2,t1,left,,train,
ep_021,ep_021_s3_t1_right_redo.MOV,s3,t1,right,,test,
ep_022,ep_022_s1_t1_left.MOV,s1,t1,left,,train,
ep_023,ep_023_s2_t1_right.MOV,s2,t1,right,,train,
ep_024,ep_024_s3_t1_left.MOV,s3,t1,left,,test,
ep_025,ep_025_s3_t1_left_redo.MOV,s3,t1,left,,test,
ep_026,ep_026_s1_t1_right.MOV,s1,t1,right,,train,
ep_027,ep_027_s2_t1_left.MOV,s2,t1,left,,train,
ep_028,ep_028_s3_t1_right_redo2.MOV,s3,t1,right,,test,
ep_029,ep_029_s1_t1_left.MOV,s1,t1,left,,train,
ep_030,ep_030_s2_t1_right.MOV,s2,t1,right,,train,
ep_031,ep_031_s2_t1_right.MOV,s2,t1,right,,validation,
ep_032,ep_032_s3_t1_left_redo.MOV,s3,t1,left,,test,
ep_033,ep_033_s1_t1_right.MOV,s1,t1,right,,validation,
ep_034,ep_034_s2_t1_left.MOV,s2,t1,left,,validation,
ep_035,ep_035_s3_t1_right_redo.MOV,s3,t1,right,,test,
ep_036,ep_036_s1_t1_left.MOV,s1,t1,left,,validation,
