frame_index,object_x,object_y,smoothed_x,smoothed_y,tracking_confidence,object_detected,object_interpolated,all_corners_direct,valid
0,0.49846128,0.84866506,0.49847870,0.84839453,0.925037,1,0,1,1
1,0.49841422,0.84822047,0.49846407,0.84823901,0.925120,1,0,1,1
2,0.49865994,0.84793109,0.49844734,0.84812487,0.905464,1,0,1,1
3,0.49822745,0.84805840,0.49837650,0.84808013,0.901963,1,0,1,1
4,0.49830163,0.84810776,0.49833950,0.84811035,0.901963,1,0,1,1
5,0.49836880,0.84824783,0.49831172,0.84820378,0.924774,1,0,1,1
6,0.49829823,0.84812635,0.49828888,0.84828275,0.921384,1,0,1,1
7,0.49827197,0.84856391,0.49826175,0.84848275,0.921018,1,0,1,1
8,0.49812207,0.84843445,0.49824857,0.84865422,0.909296,1,0,1,1
9,0.49833047,0.84928358,0.49828110,0.84880318,0.919513,1,0,1,1
10,0.49836782,0.84876335,0.49832209,0.84877281,0.920580,1,0,1,1
11,0.49828675,0.84841841,0.49835695,0.84870763,0.916932,1,0,1,1
12,0.49843886,0.84882683,0.49838628,0.84866134,0.916543,1,0,1,1
13,0.49840847,0.84864950,0.49840456,0.84863298,0.920577,1,0,1,1
14,0.49840167,0.84857243,0.49843147,0.84858802,0.916681,1,0,1,1
15,0.49844781,0.84853142,0.49845333,0.84851336,0.916644,1,0,1,1
16,0.49852681,0.84838623,0.49846984,0.84844736,0.916709,1,0,1,1
17,0.49847114,0.84845918,0.49845861,0.84841349,0.916718,1,0,1,1
18,0.49840856,0.84831387,0.49843998,0.84839967,0.920816,1,0,1,1
19,0.49839550,0.84841228,0.49844366,0.84853547,0.920877,1,0,1,1
20,0.49847406,0.84852630,0.49849835,0.84876115,0.920755,1,0,1,1
21,0.49857002,0.84944290,0.49857249,0.84895587,0.915544,1,0,1,1
22,0.49872339,0.84924728,0.49861417,0.84891269,0.919496,1,0,1,1
23,0.49865189,0.84831470,0.49859023,0.84865008,0.920367,1,0,1,1
24,0.49843946,0.84843087,0.49853517,0.84850664,0.916809,1,0,1,1
25,0.49846065,0.84810746,0.49849332,0.84845270,0.920965,1,0,1,1
26,0.49854970,0.84917557,0.49846990,0.84855303,0.919644,1,0,1,1
27,0.49842775,0.84822434,0.49843800,0.84846858,0.921069,1,0,1,1
28,0.49836373,0.84835607,0.49840333,0.84841929,0.920921,1,0,1,1
29,0.49837121,0.84837341,0.49838813,0.84835211,0.921026,1,0,1,1
30,0.49839115,0.84833431,0.49840226,0.84838162,0.920989,1,0,1,1
31,0.49844199,0.84844363,0.49843337,0.84841847,0.920924,1,0,1,1
32,0.49845678,0.84844148,0.49846095,0.84844346,0.921029,1,0,1,1
33,0.49850726,0.84851032,0.49847456,0.84846438,0.924736,1,0,1,1
34,0.49848852,0.84842449,0.49846367,0.84845489,0.924883,1,0,1,1
35,0.49841672,0.84847283,0.49843789,0.84842302,0.924932,1,0,1,1
36,0.49840271,0.84841275,0.49841573,0.84836013,0.924853,1,0,1,1
37,0.49840117,0.84820390,0.49840394,0.84829337,0.925141,1,0,1,1
38,0.49840912,0.84822500,0.49840640,0.84825308,0.925124,1,0,1,1
39,0.49839154,0.84828031,0.49841923,0.84823645,0.925085,1,0,1,1
40,0.49844211,0.84822160,0.49844581,0.84823006,0.925102,1,0,1,1
41,0.49849480,0.84819007,0.49847024,0.84823101,0.925065,1,0,1,1
42,0.49850410,0.84823996,0.49847118,0.84823818,0.925079,1,0,1,1
43,0.49846378,0.84830546,0.49844920,0.84826195,0.925076,1,0,1,1
44,0.49836904,0.84821111,0.49842263,0.84828532,0.920973,1,0,1,1
45,0.49841034,0.84834892,0.49841529,0.84832506,0.917056,1,0,1,1
46,0.49844420,0.84838587,0.49842385,0.84835761,0.917136,1,0,1,1
47,0.49841633,0.84837937,0.49844064,0.84838465,0.925178,1,0,1,1
48,0.49845964,0.84839320,0.49845730,0.84839537,0.921250,1,0,1,1
49,0.49849877,0.84841669,0.49846297,0.84840690,0.921345,1,0,1,1
50,0.49846241,0.84840071,0.49846003,0.84842308,0.917091,1,0,1,1
51,0.49841002,0.84844482,0.49844869,0.84844908,0.917357,1,0,1,1
52,0.49847588,0.84848940,0.49844096,0.84847205,0.917263,1,0,1,1
53,0.49843279,0.84851032,0.49843505,0.84848963,0.917265,1,0,1,1
54,0.49839303,0.84846926,0.49844718,0.84848889,0.921259,1,0,1,1
55,0.49846929,0.84851354,0.49846539,0.84848603,0.917263,1,0,1,1
56,0.49856550,0.84845507,0.49848263,0.84848765,0.921444,1,0,1,1
57,0.49843082,0.84847462,0.49847057,0.84850317,0.925170,1,0,1,1
58,0.49845394,0.84857804,0.49844916,0.84851784,0.925099,1,0,1,1
59,0.49843451,0.84852493,0.49842152,0.84850876,0.925046,1,0,1,1
60,0.49838448,0.84847230,0.49841198,0.84847981,0.925065,1,0,1,1
61,0.49838245,0.84842873,0.49840829,0.84841335,0.924878,1,0,1,1
62,0.49846652,0.84841609,0.49839184,0.84830954,0.916840,1,0,1,1
63,0.49839076,0.84813225,0.49835501,0.84818510,0.924448,1,0,1,1
64,0.49819610,0.84794331,0.49830155,0.84808905,0.928186,1,0,1,1
65,0.49831516,0.84812158,0.49828570,0.84815942,0.931854,1,0,1,1
66,0.49824727,0.84804779,0.49827705,0.84824906,0.931868,1,0,1,1
67,0.49834839,0.84895557,0.49830335,0.84833579,0.930511,1,0,1,1
68,0.49822846,0.84800059,0.49830871,0.84815901,0.931538,1,0,1,1
69,0.49841842,0.84793705,0.49835752,0.84791214,0.911767,1,0,1,1
70,0.49831215,0.84759629,0.49839955,0.84758233,0.923505,1,0,1,1
71,0.49853280,0.84724879,0.49848258,0.84732221,0.927824,1,0,1,1
72,0.49852857,0.84707987,0.49853728,0.84712068,0.927749,1,0,1,1
73,0.49864492,0.84686410,0.49860459,0.84702457,0.923649,1,0,1,1
74,0.49858224,0.84702444,0.49864784,0.84704214,0.923800,1,0,1,1
75,0.49875212,0.84717143,0.49870067,0.84710281,0.919967,1,0,1,1
76,0.49876115,0.84715497,0.49868282,0.84711472,0.919992,1,0,1,1
77,0.49871796,0.84718806,0.49842884,0.84684365,0.927803,1,0,1,1
78,0.49833953,0.84682411,0.49746051,0.84614437,0.927737,1,0,1,1
79,0.49675220,0.84489912,0.49474122,0.84496465,0.920710,1,0,1,1
80,0.49242452,0.84349769,0.48888979,0.84357470,0.927614,1,0,1,1
81,0.48216835,0.84215283,0.47868464,0.84195840,0.903473,1,0,1,1
82,0.46655390,0.84075117,0.46395720,0.83972753,0.885732,1,0,1,1
83,0.44694772,0.83777022,0.44526724,0.83620571,0.882643,1,0,1,1
84,0.42529646,0.83195043,0.42383048,0.83060580,0.853194,1,0,1,1
85,0.40069294,0.82498473,0.40062375,0.82282103,0.843570,1,0,1,1
86,0.37674975,0.81333983,0.37678406,0.81180890,0.863798,1,0,1,1
87,0.35249481,0.80208433,0.35295206,0.79773932,0.841871,1,0,1,1
88,0.32913536,0.78017205,0.32962418,0.77967823,0.899963,1,0,1,1
89,0.30662096,0.76139241,0.30715527,0.75883574,0.890162,1,0,1,1
90,0.28423026,0.73629463,0.28565741,0.73491483,0.899127,1,0,1,1
91,0.26530856,0.71032673,0.26561698,0.70900262,0.895091,1,0,1,1
92,0.24523152,0.68173921,0.24723096,0.68100350,0.878935,1,0,1,1
93,0.22908261,0.65258330,0.23112334,0.65173781,0.894270,1,0,1,1
94,0.21637146,0.62169915,0.21740758,0.62111318,0.885219,1,0,1,1
95,0.20434767,0.59068692,0.20597000,0.58934345,0.894568,1,0,1,1
96,0.19546178,0.55664152,0.19659939,0.55639433,0.898420,1,0,1,1
97,0.18793793,0.52276564,0.18925626,0.52287784,0.891019,1,0,1,1
98,0.18206653,0.48902014,0.18425048,0.48885754,0.905950,1,0,1,1
99,0.18008825,0.45559341,0.18198366,0.45462460,0.884262,1,0,1,1
100,0.18054062,0.41929781,0.18278189,0.41995316,0.905156,1,0,1,1
101,0.18443593,0.38543963,0.18678854,0.38545353,0.909392,1,0,1,1
102,0.19230027,0.35059878,0.19389277,0.35136063,0.916537,1,0,1,1
103,0.20201898,0.31737623,0.20375380,0.31820944,0.894670,1,0,1,1
104,0.21468370,0.28551981,0.21626526,0.28608100,0.921600,1,0,1,1
105,0.22932339,0.25407943,0.23132799,0.25528895,0.933123,1,0,1,1
106,0.24735129,0.22465949,0.24886262,0.22590394,0.944738,1,0,0,1
107,0.26789278,0.19762741,0.26813030,0.19793600,0.911444,1,0,0,1
108,0.28859368,0.17022349,0.28829406,0.17158276,0.929457,1,0,0,1
109,0.30828103,0.14469640,0.30863066,0.14728665,0.938996,1,0,0,1
110,0.32916656,0.12426724,0.32915044,0.12567880,0.949119,1,0,0,1
111,0.34941959,0.10488178,0.34986656,0.10690793,0.969452,1,0,0,1
112,0.37085935,0.08892766,0.37083628,0.09106977,0.958899,1,0,1,1
113,0.39220741,0.07643984,0.39150928,0.07829559,0.947515,1,0,0,1
114,0.41252789,0.06593446,0.41136411,0.06885656,0.937892,1,0,0,1
115,0.43076721,0.06073475,0.42967866,0.06294194,0.928678,1,0,0,1
116,0.44788477,0.05862887,0.44598801,0.06013290,0.901711,1,0,0,1
117,0.46177360,0.05870669,0.45987225,0.05977129,0.865480,1,0,0,1
118,0.47262824,0.06049215,0.47132806,0.06100588,0.874073,1,0,0,1
119,0.48173624,0.06284478,0.48057684,0.06317681,0.860353,1,0,0,1
120,0.48916340,0.06584466,0.48807059,0.06596949,0.847505,1,0,0,1
121,0.49462596,0.06867667,0.49423200,0.06926067,0.852486,1,0,0,1
122,0.49979249,0.07265638,0.49932373,0.07315287,0.833714,1,0,0,1
123,0.50456214,0.07746919,0.50336406,0.07760318,0.821751,1,0,0,1
124,0.50699651,0.08227033,0.50610740,0.08243376,0.820357,1,0,0,1
125,0.50838619,0.08749095,0.50765531,0.08693307,0.821057,1,0,0,1
126,0.50828791,0.09251620,0.50827791,0.09039785,0.811630,1,0,0,1
127,0.50860822,0.09288255,0.50850995,0.09224972,0.815015,1,0,0,1
128,0.50865209,0.09301469,0.50855587,0.09298693,0.818127,1,0,0,1
129,0.50849867,0.09304706,0.50849625,0.09313580,0.834872,1,0,0,1
130,0.50854486,0.09346285,0.50796945,0.09300792,0.841865,1,0,0,1
131,0.50796813,0.09324341,0.50662863,0.09244299,0.824501,1,0,0,1
132,0.50450474,0.09108710,0.50564862,0.09176198,0.727651,1,0,0,1
133,0.50115538,0.09010974,0.50588065,0.09214562,0.636163,1,0,1,1
134,0.51053149,0.09242736,0.50808816,0.09381390,0.784167,1,0,1,1
135,0.51141918,0.09870902,0.51011612,0.09622297,0.933806,1,0,1,1
136,0.51154512,0.09831841,0.51139285,0.09773969,0.930377,1,0,1,1
137,0.51147896,0.09827837,0.51151411,0.09834823,0.928411,1,0,1,1
138,0.51157248,0.09829990,0.51153508,0.09830768,0.927771,1,0,1,1
139,0.51153570,0.09835336,0.51152162,0.09831419,0.927634,1,0,1,1
140,0.51152384,0.09828755,0.51149403,0.09830893,0.927429,1,0,1,1
141,0.51141590,0.09831435,0.51143868,0.09822652,0.925074,1,0,1,1
142,0.51139903,0.09828242,0.51139269,0.09807348,0.923954,1,0,1,1
143,0.51131898,0.09760232,0.51135721,0.09784260,0.916366,1,0,1,1
144,0.51134354,0.09769320,0.51134252,0.09767873,0.918651,1,0,1,1
145,0.51135695,0.09751085,0.51134957,0.09750233,0.915954,1,0,1,1
146,0.51130116,0.09752017,0.51136646,0.09732162,0.915909,1,0,1,1
147,0.51146686,0.09695930,0.51140304,0.09706570,0.910446,1,0,1,1
148,0.51140350,0.09670054,0.51142309,0.09691048,0.908594,1,0,1,1
149,0.51146054,0.09676115,0.51145373,0.09685541,0.908960,1,0,1,1
150,0.51144135,0.09713165,0.51147683,0.09689027,0.912297,1,0,1,1
151,0.51154542,0.09679156,0.51149561,0.09685909,0.908754,1,0,1,1
152,0.51155198,0.09681149,0.51147229,0.09681609,0.909211,1,0,1,1
153,0.51137704,0.09670968,0.51141773,0.09679943,0.907314,1,0,1,1
154,0.51130843,0.09677624,0.51137744,0.09686084,0.907977,1,0,1,1
155,0.51136220,0.09709886,0.51135430,0.09695063,0.909211,1,0,1,1
156,0.51144123,0.09699025,0.51133744,0.09704103,0.908640,1,0,1,1
157,0.51122576,0.09701647,0.51128499,0.09710606,0.907771,1,0,1,1
158,0.51122892,0.09739165,0.51122318,0.09715964,0.909211,1,0,1,1
159,0.51118517,0.09704250,0.51116381,0.09714231,0.906400,1,0,1,1
160,0.51105881,0.09715363,0.51112423,0.09711665,0.906834,1,0,1,1
161,0.51111758,0.09704626,0.51110948,0.09706644,0.906240,1,0,1,1
162,0.51110727,0.09701981,0.51111165,0.09705964,0.905920,1,0,1,1
163,0.51111531,0.09706977,0.51112021,0.09706467,0.905600,1,0,1,1
164,0.51115847,0.09709164,0.51111525,0.09709372,0.905463,1,0,1,1
165,0.51108688,0.09710352,0.51108864,0.09712596,0.905806,1,0,1,1
166,0.51105022,0.09720217,0.51105230,0.09714086,0.906720,1,0,1,1
167,0.51100439,0.09716566,0.51103244,0.09714409,0.905897,1,0,1,1
168,0.51097900,0.09703119,0.51104814,0.09714913,0.904617,1,0,1,1
169,0.51113343,0.09722955,0.51108521,0.09717497,0.906629,1,0,1,1
170,0.51117039,0.09725602,0.51110954,0.09718701,0.906469,1,0,1,1
171,0.51106346,0.09714597,0.51110220,0.09717982,0.905394,1,0,1,1
172,0.51110190,0.09713279,0.51108958,0.09716746,0.905966,1,0,1,1
173,0.51105142,0.09717333,0.51107474,0.09718206,0.905234,1,0,1,1
174,0.51110035,0.09721417,0.51108228,0.09721098,0.905554,1,0,1,1
175,0.51105046,0.09727868,0.51109146,0.09723478,0.905280,1,0,1,1
176,0.51113379,0.09721947,0.51112202,0.09723708,0.904434,1,0,1,1
177,0.51115209,0.09723637,0.51114989,0.09724740,0.904960,1,0,1,1
178,0.51119137,0.09723105,0.51117480,0.09726904,0.904914,1,0,1,1
179,0.51119196,0.09733780,0.51118426,0.09730956,0.904709,1,0,1,1
180,0.51117724,0.09736045,0.51120036,0.09734906,0.905211,1,0,1,1
181,0.51119316,0.09735331,0.51121847,0.09738824,0.905509,1,0,1,1
182,0.51130986,0.09744690,0.51124081,0.09740921,0.906697,1,0,1,1
183,0.51122063,0.09748174,0.51123840,0.09740808,0.906857,1,0,1,1
184,0.51123291,0.09731166,0.51124452,0.09738533,0.905006,1,0,1,1
185,0.51120496,0.09735706,0.51125522,0.09737331,0.906011,1,0,1,1
186,0.51134086,0.09740847,0.51129519,0.09736731,0.906171,1,0,1,1
187,0.51131392,0.09736660,0.51130968,0.09738665,0.905234,1,0,1,1
188,0.51136345,0.09732138,0.51131515,0.09739645,0.904640,1,0,1,1
189,0.51123178,0.09756327,0.51129223,0.09744570,0.907771,1,0,1,1
190,0.51131374,0.09733567,0.51129209,0.09750559,0.905669,1,0,1,1
191,0.51126647,0.09764080,0.51129485,0.09761221,0.907429,1,0,1,1
192,0.51132762,0.09781373,0.51131243,0.09768752,0.909326,1,0,1,1
193,0.51133972,0.09772539,0.51129284,0.09768492,0.907566,1,0,1,1
194,0.51130289,0.09767840,0.51123536,0.09756282,0.906080,1,0,1,1
195,0.51108891,0.09736305,0.51115015,0.09738946,0.890243,1,0,1,1
196,0.51102465,0.09703954,0.51109222,0.09724446,0.883162,1,0,1,1
197,0.51108986,0.09725475,0.51108543,0.09719324,0.904183,1,0,1,1
198,0.51109558,0.09716751,0.51109766,0.09718792,0.903314,1,0,1,1
199,0.51116991,0.09719774,0.51111036,0.09718747,0.903474,1,0,1,1
200,0.51104802,0.09724426,0.51110105,0.09716953,0.905394,1,0,1,1
201,0.51110643,0.09701574,0.51110423,0.09715793,0.904434,1,0,1,1
202,0.51111710,0.09719855,0.51110467,0.09718393,0.906240,1,0,1,1
203,0.51111859,0.09729082,0.51110609,0.09721316,0.907017,1,0,1,1
204,0.51109266,0.09720238,0.51108915,0.09724182,0.906971,1,0,1,1
205,0.51107305,0.09722839,0.51106380,0.09726414,0.906674,1,0,1,1
206,0.51102394,0.09733229,0.51104359,0.09727705,0.907223,1,0,1,1
207,0.51100326,0.09733189,0.51104890,0.09727623,0.907794,1,0,1,1
208,0.51107520,0.09717359,0.51108967,0.09724978,0.906263,1,0,1,1
209,0.51115900,0.09725020,0.51115348,0.09723209,0.907177,1,0,1,1
210,0.51123297,0.09723079,0.51121746,0.09727330,0.907520,1,0,1,1
211,0.51128471,0.09719754,0.51123710,0.09747953,0.908274,1,0,1,1
212,0.51129556,0.09769822,0.51122707,0.09774380,0.911977,1,0,1,1
213,0.51106375,0.09861495,0.51117785,0.09807314,0.916160,1,0,1,1
